Name,Rating
201,8
201,7
201,7
201,7
201,9
201,6
201,7
201,9
201,9
201,8
201,6
201,6
201,2
201,8
201,9
201,8
201,6
201,8
201,9
201,6
201,8
201,9
201,7
201,9
201,8
201,8
201,9
201,6
201,7
201,8
201,7
201,7
201,9
201,8
201,8
201,9
201,8
201,9
201,8
201,6
201,9
201,8
201,4
201,9
201,6
201,5
201,8
201,8
201,8
201,6
201,6
201,7
201,6
201,9
201,7
201,8
201,9
201,9
201,9
201,9
201,8
201,8
201,7
201,8
201,6
201,8
201,9
201,9
201,8
201,5
201,9
201,5
201,6
201,8
201,9
201,9
201,8
201,9
201,4
201,7
201,8
201,1
201,5
201,6
201,4
201,9
201,9
201,8
201,8
201,8
201,8
201,8
201,6
201,9
201,5
201,8
201,5
201,9
201,5
201,8
201,9
201,9
201,7
201,9
201,7
201,4
201,5
201,5
201,8
201,8
201,8
201,8
201,6
201,9
201,7
201,3
201,8
201,7
201,8
201,9
201,6
201,8
201,8
201,6
201,7
201,8
201,8
201,5
201,6
201,8
201,9
201,7
201,8
201,5
201,8
201,8
201,5
201,8
201,8
201,5
201,9
201,5
201,7
201,7
201,9
201,7
201,8
201,8
201,7
201,5
201,8
201,9
201,5
201,8
201,2
201,7
201,8
201,9
201,7
201,6
201,4
201,7
201,9
201,8
201,9
201,7
201,7
201,7
201,6
201,1
201,9
201,9
201,8
201,8
201,8
201,9
201,8
201,9
201,4
201,6
201,6
201,5
201,3
201,5
201,5
201,9
201,9
201,7
201,7
201,8
201,9
201,9
201,7
201,9
201,9
201,5
201,7
201,7
201,7
201,6
201,5
201,8
201,8
201,9
201,8
201,7
201,9
201,8
201,8
201,8
201,8
201,8
201,8
201,8
201,6
201,8
201,6
201,6
201,9
201,8
201,5
201,8
201,7
201,8
201,8
201,8
201,6
201,8
201,7
201,8
201,7
201,6
201,8
201,8
201,8
201,9
201,2
201,6
201,7
201,7
201,9
201,8
201,5
201,7
201,2
201,8
201,7
201,8
201,5
201,9
201,7
201,6
201,9
201,9
201,9
201,9
201,5
201,8
201,9
201,6
201,8
201,4
201,8
201,9
201,4
201,9
201,7
201,2
201,9
201,6
201,7
201,9
201,2
201,7
201,9
201,5
201,9
201,8
201,7
201,9
201,6
201,5
201,8
201,9
201,5
201,9
201,1
201,9
201,8
201,1
201,5
201,7
201,8
201,9
201,8
201,7
201,8
201,9
201,7
201,9
201,3
201,9
201,5
201,7
201,7
201,5
201,9
201,8
Signature Rare(582),8
Signature Rare(582),1
Signature Rare(582),7
Signature Rare(582),8
Signature Rare(582),7
Signature Rare(582),7
Signature Rare(582),6
Signature Rare(582),7
Signature Rare(582),8
Signature Rare(582),9
Signature Rare(582),8
Signature Rare(582),7
Signature Rare(582),9
Signature Rare(582),8
Signature Rare(582),5
Signature Rare(582),8
Signature Rare(582),7
Signature Rare(582),8
Signature Rare(582),8
Signature Rare(582),8
Signature Rare(582),7
Signature Rare(582),8
Signature Rare(582),7
Signature Rare(582),8
Signature Rare(582),8
Signature Rare(582),9
Signature Rare(582),7
Signature Rare(582),9
Signature Rare(582),8
Signature Rare(582),8
Signature Rare(582),6
Signature Rare(582),8
Signature Rare(582),8
Signature Rare(582),6
Signature Rare(582),7
Signature Rare(582),8
Signature Rare(582),8
Signature Rare(582),8
Signature Rare(582),9
Signature Rare(582),7
Signature Rare(582),8
Signature Rare(582),8
Signature Rare(582),9
Signature Rare(582),6
Signature Rare(582),6
Signature Rare(582),8
Signature Rare(582),8
Signature Rare(582),9
Signature Rare(582),9
Signature Rare(582),7
Signature Rare(582),9
Signature Rare(582),7
Signature Rare(582),8
Signature Rare(582),5
Signature Rare(582),8
Signature Rare(582),9
Signature Rare(582),2
Signature Rare(582),9
Signature Rare(582),4
Signature Rare(582),9
Signature Rare(582),9
Signature Rare(582),9
Signature Rare(582),9
Signature Rare(582),5
Signature Rare(582),8
Signature Rare(582),9
Signature Rare(582),7
Signature Rare(582),9
Signature Rare(582),6
Signature Rare(582),5
Signature Rare(582),8
Signature Rare(582),8
Signature Rare(582),6
Signature Rare(582),8
Signature Rare(582),7
Signature Rare(582),6
Signature Rare(582),8
Signature Rare(582),9
Signature Rare(582),8
Signature Rare(582),8
Signature Rare(582),5
Signature Rare(582),9
Signature Rare(582),9
Signature Rare(582),9
Signature Rare(582),9
Signature Rare(582),9
Signature Rare(582),8
Signature Rare(582),1
Signature Rare(582),8
Signature Rare(582),8
Signature Rare(582),7
Signature Rare(582),8
Signature Rare(582),9
Signature Rare(582),5
Signature Rare(582),8
Signature Rare(582),7
Signature Rare(582),8
Signature Rare(582),8
Signature Rare(582),8
Signature Rare(582),6
Signature Rare(582),6
Signature Rare(582),6
Signature Rare(582),6
Signature Rare(582),3
Signature Rare(582),3
Signature Rare(582),9
Signature Rare(582),5
Signature Rare(582),9
Signature Rare(582),8
Signature Rare(582),7
Signature Rare(582),7
Signature Rare(582),8
Signature Rare(582),7
Signature Rare(582),8
Signature Rare(582),8
Signature Rare(582),9
Signature Rare(582),8
Signature Rare(582),8
Signature Rare(582),7
Signature Rare(582),8
Signature Rare(582),8
Signature Rare(582),6
Signature Rare(582),6
Signature Rare(582),9
Signature Rare(582),8
Signature Rare(582),6
Signature Rare(582),8
Signature Rare(582),8
Signature Rare(582),1
Signature Rare(582),8
Signature Rare(582),9
Signature Rare(582),7
Signature Rare(582),8
Signature Rare(582),8
Signature Rare(582),9
Signature Rare(582),9
Signature Rare(582),7
Signature Rare(582),9
Signature Rare(582),6
Signature Rare(582),4
Signature Rare(582),9
Signature Rare(582),8
Signature Rare(582),9
Signature Rare(582),9
Signature Rare(582),5
Signature Rare(582),6
Signature Rare(582),6
Signature Rare(582),8
Signature Rare(582),8
Signature Rare(582),7
Signature Rare(582),8
Signature Rare(582),9
Signature Rare(582),4
Signature Rare(582),8
Signature Rare(582),9
Signature Rare(582),6
Signature Rare(582),7
Signature Rare(582),6
Signature Rare(582),6
Signature Rare(582),9
Signature Rare(582),9
Signature Rare(582),4
Signature Rare(582),7
Signature Rare(582),7
Signature Rare(582),9
Signature Rare(582),9
Signature Rare(582),8
Signature Rare(582),4
Signature Rare(582),9
Signature Rare(582),8
Signature Rare(582),5
Signature Rare(582),9
Signature Rare(582),5
Signature Rare(582),8
Signature Rare(582),6
Signature Rare(582),9
Signature Rare(582),7
Signature Rare(582),3
Signature Rare(582),7
Signature Rare(582),6
Signature Rare(582),9
Signature Rare(582),9
Signature Rare(582),5
Signature Rare(582),7
Signature Rare(582),4
Signature Rare(582),9
Signature Rare(582),7
Signature Rare(582),9
Signature Rare(582),9
Signature Rare(582),9
Signature Rare(582),8
Signature Rare(582),5
Signature Rare(582),9
Signature Rare(582),7
Signature Rare(582),5
Signature Rare(582),9
Signature Rare(582),6
Signature Rare(582),6
Signature Rare(582),1
Signature Rare(582),8
Signature Rare(582),8
Signature Rare(582),8
Signature Rare(582),8
Signature Rare(582),9
Signature Rare(582),1
Signature Rare(582),5
Signature Rare(582),7
Signature Rare(582),9
Signature Rare(582),7
Signature Rare(582),7
Signature Rare(582),8
Signature Rare(582),8
Signature Rare(582),8
Signature Rare(582),7
Signature Rare(582),6
Signature Rare(582),8
Signature Rare(582),8
Signature Rare(582),6
Signature Rare(582),8
Signature Rare(582),7
Signature Rare(582),3
Signature Rare(582),8
Signature Rare(582),9
Signature Rare(582),9
Signature Rare(582),9
Signature Rare(582),8
Signature Rare(582),9
Signature Rare(582),8
Signature Rare(582),7
Signature Rare(582),1
Signature Rare(582),8
Signature Rare(582),9
Signature Rare(582),7
Signature Rare(582),8
Signature Rare(582),9
Signature Rare(582),8
Signature Rare(582),8
Signature Rare(582),8
Signature Rare(582),9
Signature Rare(582),8
Signature Rare(582),5
Signature Rare(582),8
Signature Rare(582),4
Signature Rare(582),7
Signature Rare(582),7
Signature Rare(582),8
Signature Rare(582),7
Signature Rare(582),7
Signature Rare(582),9
Signature Rare(582),8
Signature Rare(582),7
Signature Rare(582),8
Signature Rare(582),7
Signature Rare(582),7
Signature Rare(582),9
Signature Rare(582),8
Signature Rare(582),6
Signature Rare(582),6
Signature Rare(582),8
Signature Rare(582),5
Signature Rare(582),8
Signature Rare(582),5
Signature Rare(582),7
Signature Rare(582),7
Signature Rare(582),6
Signature Rare(582),7
Signature Rare(582),7
Signature Rare(582),8
Signature Rare(582),8
Signature Rare(582),7
Signature Rare(582),5
Signature Rare(582),4
Signature Rare(582),7
Signature Rare(582),7
Signature Rare(582),8
Signature Rare(582),7
Signature Rare(582),9
Signature Rare(582),9
Signature Rare(582),9
Signature Rare(582),2
Signature Rare(582),7
Signature Rare(582),7
Signature Rare(582),7
Signature Rare(582),9
Signature Rare(582),9
Signature Rare(582),7
Signature Rare(582),2
Signature Rare(582),9
Signature Rare(582),7
Signature Rare(582),9
Signature Rare(582),6
Signature Rare(582),5
Signature Rare(582),9
Signature Rare(582),5
Signature Rare(582),6
Signature Rare(582),9
Signature Rare(582),2
Signature Rare(582),8
Signature Rare(582),8
Signature Rare(582),7
Signature Rare(582),4
Signature Rare(582),9
Signature Rare(582),8
Signature Rare(582),5
Signature Rare(582),9
Signature Rare(582),9
Signature Rare(582),5
Signature Rare(582),9
388,7
388,9
388,9
388,9
388,8
388,9
388,7
388,5
388,8
388,9
388,8
388,8
388,6
388,9
388,8
388,9
388,8
388,8
388,7
388,7
388,6
388,8
388,7
388,8
388,7
388,5
388,6
388,7
388,6
388,8
388,9
388,8
388,8
388,9
388,5
388,9
388,9
388,8
388,7
388,1
388,8
388,9
388,7
388,8
388,7
388,7
388,8
388,7
388,3
388,8
388,7
388,6
388,9
388,9
388,9
388,9
388,8
388,8
388,8
388,5
388,8
388,8
388,7
388,9
388,4
388,6
388,7
388,9
388,1
388,7
388,5
388,8
388,8
388,9
388,8
388,5
388,8
388,9
388,8
388,7
388,8
388,8
388,5
388,9
388,7
388,7
388,9
388,8
388,5
388,5
388,7
388,9
388,9
388,9
388,5
388,6
388,9
388,4
388,9
388,9
388,7
388,9
388,9
388,6
388,9
388,7
388,7
388,7
388,9
388,8
388,8
388,8
388,7
388,8
388,7
388,7
388,7
388,7
388,9
388,3
388,8
388,8
388,6
388,7
388,7
388,8
388,6
388,7
388,8
388,3
388,7
388,6
388,8
388,8
388,6
388,3
388,8
388,8
388,9
388,7
388,8
388,8
388,7
388,5
388,7
388,7
388,6
388,7
388,8
388,8
388,8
388,8
388,8
388,6
388,9
388,6
388,8
388,7
388,5
388,8
388,6
388,9
388,5
388,8
388,9
388,6
388,5
388,9
388,7
388,7
388,9
388,1
388,8
388,6
388,9
388,7
388,7
388,9
388,7
388,6
388,4
388,8
388,5
388,5
388,9
388,6
388,5
388,9
388,8
388,9
388,5
388,9
388,5
388,4
388,5
388,6
388,7
388,9
388,8
388,8
388,6
388,9
388,5
388,5
388,6
388,8
388,9
388,5
388,7
388,1
388,9
388,7
388,5
388,9
388,8
388,6
388,7
388,8
388,7
388,8
388,9
388,7
388,8
388,8
388,8
388,7
388,8
388,8
388,9
388,8
388,7
388,9
388,6
388,8
388,1
388,5
388,8
388,7
388,8
388,7
388,9
388,9
388,9
388,7
388,7
388,9
388,9
388,6
388,8
388,9
388,7
388,9
388,5
388,8
388,8
388,8
388,7
388,9
388,7
388,6
388,6
388,8
388,9
388,6
388,4
388,9
388,8
388,9
388,5
388,8
388,9
388,9
388,8
388,9
388,6
388,9
388,8
388,5
388,9
388,5
388,6
388,9
388,9
388,9
388,7
388,9
388,8
388,7
388,9
388,8
388,9
388,7
388,7
388,7
388,9
388,5
388,5
388,8
388,3
388,4
388,8
388,7
388,8
388,6
388,7
388,9
388,9
388,4
293,8
293,5
293,7
293,8
293,7
293,9
293,6
293,8
293,9
293,5
293,7
293,8
293,7
293,8
293,7
293,8
293,6
293,8
293,7
293,7
293,9
293,5
293,8
293,9
293,9
293,7
293,8
293,8
293,6
293,9
293,8
293,7
293,6
293,9
293,9
293,8
293,9
293,9
293,8
293,7
293,7
293,9
293,9
293,9
293,6
293,9
293,7
293,8
293,7
293,7
293,9
293,9
293,8
293,8
293,5
293,4
293,9
293,9
293,9
293,6
293,9
293,9
293,8
293,6
293,5
293,9
293,9
293,4
293,9
293,9
293,9
293,5
293,8
293,9
293,9
293,9
293,8
293,9
293,8
293,9
293,6
293,9
293,9
293,7
293,8
293,5
293,9
293,9
293,5
293,4
293,7
293,5
293,8
293,7
293,9
293,9
293,1
293,9
293,8
293,7
293,8
293,7
293,7
293,9
293,7
293,8
293,7
293,8
293,8
293,7
293,7
293,8
293,6
293,9
293,8
293,5
293,9
293,9
293,9
293,6
293,3
293,8
293,8
293,7
293,7
293,8
293,9
293,8
293,7
293,7
293,2
293,9
293,9
293,7
293,9
293,6
293,8
293,8
293,7
293,5
293,8
293,8
293,8
293,8
293,8
293,6
293,7
293,7
293,4
293,6
293,7
293,8
293,9
293,9
293,9
293,8
293,7
293,5
293,4
293,9
293,8
293,5
293,9
293,9
293,7
293,7
293,9
293,9
293,9
293,9
293,7
293,8
293,9
293,5
293,9
293,9
293,9
293,7
293,8
293,9
293,4
293,9
293,9
293,9
293,9
293,5
293,5
293,9
293,5
293,9
293,6
293,7
293,9
293,5
293,9
293,7
293,9
293,7
293,4
293,4
293,8
293,9
293,9
293,8
293,9
293,7
293,9
293,8
293,9
293,7
293,7
293,8
293,7
293,9
293,7
293,7
293,7
293,4
293,7
293,9
293,6
293,8
293,9
293,8
293,8
293,1
293,7
293,6
293,7
293,9
293,9
293,8
293,8
293,9
293,7
293,8
293,6
293,9
293,8
293,8
293,9
293,7
293,9
293,6
293,7
293,8
293,9
293,3
293,6
293,7
293,4
293,8
293,5
293,8
293,2
293,9
293,9
293,9
293,1
293,9
293,9
293,5
293,8
293,9
293,8
293,9
293,9
293,5
293,7
293,1
293,8
293,9
293,8
293,9
293,9
293,9
293,9
293,9
293,9
293,7
293,8
293,9
293,9
293,1
293,9
293,9
293,7
293,1
293,9
293,9
293,8
293,9
293,9
293,6
293,8
293,8
293,2
293,4
293,6
293,9
293,7
293,9
293,8
293,7
293,9
293,9
293,1
293,5
Blenders Pride (565),7
Blenders Pride (565),8
Blenders Pride (565),8
Blenders Pride (565),9
Blenders Pride (565),7
Blenders Pride (565),8
Blenders Pride (565),6
Blenders Pride (565),8
Blenders Pride (565),8
Blenders Pride (565),8
Blenders Pride (565),8
Blenders Pride (565),8
Blenders Pride (565),8
Blenders Pride (565),8
Blenders Pride (565),9
Blenders Pride (565),5
Blenders Pride (565),9
Blenders Pride (565),8
Blenders Pride (565),8
Blenders Pride (565),6
Blenders Pride (565),6
Blenders Pride (565),9
Blenders Pride (565),9
Blenders Pride (565),8
Blenders Pride (565),8
Blenders Pride (565),8
Blenders Pride (565),7
Blenders Pride (565),9
Blenders Pride (565),7
Blenders Pride (565),6
Blenders Pride (565),8
Blenders Pride (565),7
Blenders Pride (565),8
Blenders Pride (565),6
Blenders Pride (565),9
Blenders Pride (565),7
Blenders Pride (565),5
Blenders Pride (565),9
Blenders Pride (565),6
Blenders Pride (565),3
Blenders Pride (565),9
Blenders Pride (565),7
Blenders Pride (565),8
Blenders Pride (565),8
Blenders Pride (565),7
Blenders Pride (565),4
Blenders Pride (565),7
Blenders Pride (565),7
Blenders Pride (565),7
Blenders Pride (565),7
Blenders Pride (565),7
Blenders Pride (565),7
Blenders Pride (565),6
Blenders Pride (565),9
Blenders Pride (565),2
Blenders Pride (565),5
Blenders Pride (565),9
Blenders Pride (565),7
Blenders Pride (565),7
Blenders Pride (565),8
Blenders Pride (565),6
Blenders Pride (565),5
Blenders Pride (565),8
Blenders Pride (565),9
Blenders Pride (565),6
Blenders Pride (565),9
Blenders Pride (565),7
Blenders Pride (565),5
Blenders Pride (565),9
Blenders Pride (565),9
Blenders Pride (565),8
Blenders Pride (565),4
Blenders Pride (565),8
Blenders Pride (565),9
Blenders Pride (565),8
Blenders Pride (565),5
Blenders Pride (565),5
Blenders Pride (565),7
Blenders Pride (565),9
Blenders Pride (565),9
Blenders Pride (565),6
Blenders Pride (565),9
Blenders Pride (565),9
Blenders Pride (565),9
Blenders Pride (565),9
Blenders Pride (565),7
Blenders Pride (565),9
Blenders Pride (565),7
Blenders Pride (565),9
Blenders Pride (565),9
Blenders Pride (565),8
Blenders Pride (565),7
Blenders Pride (565),8
Blenders Pride (565),8
Blenders Pride (565),7
Blenders Pride (565),2
Blenders Pride (565),8
Blenders Pride (565),5
Blenders Pride (565),7
Blenders Pride (565),9
Blenders Pride (565),7
Blenders Pride (565),8
Blenders Pride (565),6
Blenders Pride (565),8
Blenders Pride (565),9
Blenders Pride (565),9
Blenders Pride (565),9
Blenders Pride (565),9
Blenders Pride (565),8
Blenders Pride (565),9
Blenders Pride (565),9
Blenders Pride (565),7
Blenders Pride (565),7
Blenders Pride (565),9
Blenders Pride (565),5
Blenders Pride (565),7
Blenders Pride (565),7
Blenders Pride (565),9
Blenders Pride (565),9
Blenders Pride (565),8
Blenders Pride (565),8
Blenders Pride (565),8
Blenders Pride (565),9
Blenders Pride (565),3
Blenders Pride (565),7
Blenders Pride (565),7
Blenders Pride (565),8
Blenders Pride (565),7
Blenders Pride (565),8
Blenders Pride (565),7
Blenders Pride (565),6
Blenders Pride (565),7
Blenders Pride (565),7
Blenders Pride (565),9
Blenders Pride (565),5
Blenders Pride (565),7
Blenders Pride (565),7
Blenders Pride (565),6
Blenders Pride (565),8
Blenders Pride (565),8
Blenders Pride (565),8
Blenders Pride (565),2
Blenders Pride (565),9
Blenders Pride (565),6
Blenders Pride (565),8
Blenders Pride (565),8
Blenders Pride (565),9
Blenders Pride (565),7
Blenders Pride (565),9
Blenders Pride (565),8
Blenders Pride (565),3
Blenders Pride (565),7
Blenders Pride (565),8
Blenders Pride (565),7
Blenders Pride (565),5
Blenders Pride (565),7
Blenders Pride (565),7
Blenders Pride (565),9
Blenders Pride (565),7
Blenders Pride (565),7
Blenders Pride (565),6
Blenders Pride (565),9
Blenders Pride (565),7
Blenders Pride (565),1
Blenders Pride (565),5
Blenders Pride (565),9
Blenders Pride (565),5
Blenders Pride (565),7
Blenders Pride (565),9
Blenders Pride (565),9
Blenders Pride (565),9
Blenders Pride (565),8
Blenders Pride (565),8
Blenders Pride (565),1
Blenders Pride (565),7
Blenders Pride (565),9
Blenders Pride (565),7
Blenders Pride (565),9
Blenders Pride (565),9
Blenders Pride (565),8
Blenders Pride (565),4
Blenders Pride (565),9
Blenders Pride (565),9
Blenders Pride (565),9
Blenders Pride (565),2
Blenders Pride (565),5
Blenders Pride (565),6
Blenders Pride (565),8
Blenders Pride (565),5
Blenders Pride (565),8
Blenders Pride (565),8
Blenders Pride (565),4
Blenders Pride (565),5
Blenders Pride (565),5
Blenders Pride (565),7
Blenders Pride (565),9
Blenders Pride (565),8
Blenders Pride (565),8
Blenders Pride (565),8
Blenders Pride (565),8
Blenders Pride (565),9
Blenders Pride (565),5
Blenders Pride (565),5
Blenders Pride (565),9
Blenders Pride (565),6
Blenders Pride (565),9
Blenders Pride (565),9
Blenders Pride (565),9
Blenders Pride (565),8
Blenders Pride (565),9
Blenders Pride (565),7
Blenders Pride (565),7
Blenders Pride (565),6
Blenders Pride (565),8
Blenders Pride (565),7
Blenders Pride (565),9
Blenders Pride (565),8
Blenders Pride (565),5
Blenders Pride (565),7
Blenders Pride (565),9
Blenders Pride (565),5
Blenders Pride (565),9
Blenders Pride (565),8
Blenders Pride (565),8
Blenders Pride (565),6
Blenders Pride (565),6
Blenders Pride (565),7
Blenders Pride (565),8
Blenders Pride (565),9
Blenders Pride (565),7
Blenders Pride (565),7
Blenders Pride (565),4
Blenders Pride (565),7
Blenders Pride (565),6
Blenders Pride (565),8
Blenders Pride (565),8
Blenders Pride (565),8
Blenders Pride (565),8
Blenders Pride (565),8
Blenders Pride (565),6
Blenders Pride (565),7
Blenders Pride (565),8
Blenders Pride (565),7
Blenders Pride (565),7
Blenders Pride (565),7
Blenders Pride (565),7
Blenders Pride (565),9
Blenders Pride (565),8
Blenders Pride (565),5
Blenders Pride (565),7
Blenders Pride (565),7
Blenders Pride (565),8
Blenders Pride (565),8
Blenders Pride (565),7
Blenders Pride (565),8
Blenders Pride (565),7
Blenders Pride (565),8
Blenders Pride (565),9
Blenders Pride (565),5
Blenders Pride (565),9
Blenders Pride (565),9
Blenders Pride (565),8
Blenders Pride (565),8
Blenders Pride (565),8
Blenders Pride (565),8
Blenders Pride (565),7
Blenders Pride (565),5
Blenders Pride (565),6
Blenders Pride (565),7
Blenders Pride (565),7
Blenders Pride (565),6
Blenders Pride (565),8
Blenders Pride (565),9
Blenders Pride (565),8
Blenders Pride (565),8
Blenders Pride (565),9
Blenders Pride (565),7
Blenders Pride (565),9
Blenders Pride (565),7
Blenders Pride (565),9
Blenders Pride (565),9
Blenders Pride (565),7
Blenders Pride (565),9
Blenders Pride (565),8
Blenders Pride (565),5
Blenders Pride (565),9
Blenders Pride (565),3
Blenders Pride (565),7
Blenders Pride (565),8
Blenders Pride (565),5
Blenders Pride (565),1
Blenders Pride (565),9
Blenders Pride (565),9
Blenders Pride (565),1
Blenders Pride (565),3
Blenders Pride (565),4
Blenders Pride (565),7
Blenders Pride (565),7
Blenders Pride (565),9
Blenders Pride (565),9
Blenders Pride (565),9
Blenders Pride (565),7
Blenders Pride (565),7
Blenders Pride (565),1
Blenders Pride (565),4
Blenders Pride (565),5
Blenders Pride (565),1
Blenders Pride (565),9
434,8
434,8
434,1
434,8
434,8
434,9
434,7
434,7
434,8
434,8
434,8
434,8
434,8
434,9
434,6
434,9
434,9
434,8
434,8
434,6
434,7
434,8
434,8
434,8
434,9
434,9
434,8
434,5
434,8
434,6
434,8
434,7
434,7
434,9
434,8
434,8
434,7
434,9
434,9
434,8
434,7
434,6
434,9
434,9
434,8
434,8
434,5
434,8
434,9
434,6
434,8
434,9
434,8
434,9
434,9
434,7
434,9
434,5
434,8
434,7
434,5
434,9
434,5
434,6
434,9
434,7
434,5
434,9
434,7
434,8
434,5
434,7
434,9
434,6
434,9
434,9
434,9
434,7
434,9
434,8
434,7
434,9
434,5
434,7
434,9
434,9
434,6
434,2
434,5
434,1
434,9
434,6
434,9
434,7
434,6
434,5
434,7
434,9
434,8
434,8
434,7
434,8
434,6
434,7
434,8
434,8
434,7
434,9
434,8
434,4
434,6
434,6
434,7
434,7
434,9
434,5
434,3
434,8
434,8
434,7
434,9
434,5
434,2
434,9
434,8
434,6
434,6
434,7
434,6
434,7
434,9
434,6
434,7
434,7
434,6
434,9
434,7
434,5
434,3
434,7
434,5
434,5
434,8
434,4
434,7
434,5
434,7
434,5
434,8
434,5
434,5
434,8
434,9
434,7
434,4
434,8
434,9
434,8
434,8
434,5
434,8
434,5
434,9
434,9
434,7
434,9
434,5
434,5
434,9
434,5
434,8
434,5
434,5
434,7
434,9
434,6
434,9
434,9
434,9
434,8
434,5
434,9
434,7
434,8
434,2
434,4
434,6
434,5
434,8
434,9
434,9
434,6
434,9
434,8
434,1
434,5
434,9
434,3
434,5
434,3
434,6
434,5
434,2
434,7
434,8
434,9
434,5
434,7
434,9
434,1
434,9
434,5
434,7
434,6
434,9
434,8
434,7
434,6
434,5
434,5
434,8
434,8
434,9
434,3
434,6
434,9
434,6
434,9
434,9
434,6
434,7
434,7
434,7
434,7
434,8
434,6
434,8
434,8
434,8
434,8
434,8
434,9
434,8
434,8
434,9
434,6
434,5
434,7
434,9
434,7
434,7
434,7
434,7
434,9
434,8
434,7
434,9
434,7
434,5
434,9
434,8
434,8
434,4
434,8
434,9
434,9
434,9
434,2
434,9
434,4
434,8
434,7
434,8
434,9
434,8
434,8
434,7
434,5
434,9
434,9
434,8
434,8
434,5
434,9
434,9
434,7
434,8
434,8
434,8
434,9
434,5
434,8
434,6
434,8
434,9
434,9
434,9
434,5
434,9
434,5
434,9
434,9
434,7
434,1
434,8
434,5
434,7
434,5
540,7
540,6
540,8
540,8
540,7
540,8
540,9
540,7
540,8
540,8
540,8
540,8
540,7
540,9
540,9
540,8
540,8
540,8
540,7
540,7
540,8
540,7
540,7
540,8
540,7
540,6
540,8
540,6
540,7
540,7
540,8
540,9
540,8
540,8
540,9
540,9
540,7
540,6
540,8
540,9
540,8
540,5
540,8
540,9
540,7
540,9
540,8
540,4
540,7
540,7
540,7
540,9
540,7
540,8
540,9
540,9
540,9
540,8
540,2
540,9
540,9
540,8
540,8
540,6
540,4
540,6
540,5
540,9
540,8
540,8
540,4
540,5
540,7
540,8
540,9
540,7
540,7
540,7
540,8
540,3
540,7
540,9
540,8
540,5
540,9
540,1
540,3
540,6
540,8
540,8
540,9
540,9
540,8
540,7
540,8
540,8
540,7
540,6
540,7
540,8
540,9
540,6
540,9
540,8
540,8
540,8
540,9
540,6
540,7
540,8
540,7
540,7
540,7
540,1
540,8
540,8
540,2
540,4
540,7
540,8
540,9
540,9
540,8
540,9
540,7
540,5
540,8
540,9
540,8
540,7
540,8
540,2
540,6
540,6
540,8
540,9
540,8
540,7
540,8
540,9
540,8
540,5
540,9
540,6
540,7
540,6
540,9
540,8
540,4
540,2
540,7
540,7
540,7
540,9
540,7
540,8
540,8
540,8
540,8
540,5
540,9
540,8
540,9
540,9
540,5
540,9
540,6
540,9
540,7
540,7
540,8
540,9
540,8
540,8
540,9
540,4
540,8
540,9
540,9
540,9
540,1
540,9
540,9
540,8
540,6
540,9
540,7
540,8
540,8
540,9
540,9
540,6
540,7
540,6
540,4
540,9
540,8
540,9
540,6
540,9
540,8
540,6
540,9
540,4
540,8
540,8
540,7
540,9
540,1
540,9
540,7
540,9
540,7
540,9
540,8
540,9
540,8
540,6
540,8
540,8
540,8
540,7
540,6
540,7
540,8
540,6
540,9
540,7
540,8
540,9
540,7
540,7
540,8
540,8
540,7
540,8
540,5
540,6
540,8
540,8
540,7
540,6
540,8
540,9
540,7
540,3
540,7
540,9
540,7
540,5
540,9
540,7
540,6
540,9
540,9
540,7
540,8
540,9
540,5
540,7
540,7
540,7
540,9
540,9
540,8
540,7
540,7
540,3
540,5
540,5
540,9
540,2
540,9
540,4
540,5
540,8
540,8
540,7
540,9
540,9
540,5
540,9
540,8
540,5
540,5
540,8
540,7
540,8
540,9
540,9
540,8
540,8
540,5
540,9
540,9
540,5
540,1
540,4
540,9
540,9
540,4
540,9
540,6
540,5
540,6
540,9
540,7
540,9
186,8
186,8
186,8
186,7
186,8
186,7
186,7
186,9
186,8
186,9
186,7
186,9
186,6
186,9
186,8
186,9
186,4
186,8
186,5
186,8
186,8
186,5
186,6
186,8
186,8
186,7
186,7
186,7
186,8
186,9
186,6
186,7
186,9
186,6
186,9
186,8
186,8
186,7
186,8
186,8
186,2
186,7
186,7
186,5
186,6
186,6
186,8
186,7
186,5
186,9
186,7
186,8
186,4
186,1
186,7
186,7
186,7
186,9
186,8
186,1
186,8
186,8
186,9
186,9
186,5
186,9
186,5
186,7
186,9
186,9
186,9
186,9
186,7
186,9
186,7
186,9
186,8
186,9
186,8
186,8
186,7
186,9
186,9
186,6
186,9
186,8
186,9
186,8
186,8
186,8
186,9
186,5
186,7
186,8
186,9
186,9
186,7
186,8
186,7
186,9
186,8
186,9
186,8
186,7
186,8
186,7
186,8
186,7
186,8
186,7
186,8
186,4
186,6
186,7
186,6
186,7
186,8
186,6
186,7
186,7
186,8
186,7
186,8
186,8
186,4
186,6
186,7
186,8
186,9
186,8
186,7
186,7
186,6
186,5
186,7
186,5
186,7
186,8
186,6
186,7
186,9
186,5
186,9
186,8
186,7
186,7
186,7
186,9
186,8
186,6
186,4
186,9
186,9
186,6
186,4
186,9
186,4
186,5
186,9
186,7
186,7
186,8
186,6
186,9
186,7
186,9
186,8
186,5
186,9
186,8
186,9
186,7
186,8
186,5
186,9
186,5
186,9
186,6
186,9
186,8
186,7
186,3
186,1
186,9
186,5
186,3
186,5
186,8
186,5
186,8
186,2
186,5
186,8
186,9
186,6
186,9
186,7
186,7
186,5
186,3
186,8
186,4
186,9
186,6
186,5
186,8
186,8
186,8
186,7
186,8
186,7
186,9
186,8
186,8
186,8
186,8
186,8
186,6
186,7
186,9
186,8
186,9
186,7
186,9
186,8
186,4
186,8
186,3
186,7
186,7
186,8
186,9
186,9
186,9
186,5
186,8
186,8
186,9
186,7
186,6
186,5
186,7
186,7
186,9
186,4
186,6
186,9
186,8
186,1
186,6
186,7
186,7
186,7
186,9
186,8
186,9
186,9
186,8
186,9
186,4
186,9
186,7
186,8
186,4
186,7
186,1
186,5
186,8
186,7
186,8
186,8
186,5
186,9
186,9
186,6
186,4
186,8
186,5
186,7
186,6
186,7
186,5
186,9
186,4
186,5
186,5
186,7
186,4
186,8
186,1
186,5
186,8
186,9
186,3
186,8
186,9
186,7
186,9
186,7
186,8
186,8
186,6
186,9
186,8
186,7
186,9
186,8
186,9
272,8
272,9
272,8
272,8
272,8
272,9
272,8
272,7
272,3
272,3
272,7
272,7
272,9
272,8
272,6
272,7
272,6
272,8
272,8
272,9
272,9
272,6
272,9
272,8
272,5
272,8
272,8
272,9
272,6
272,7
272,8
272,7
272,8
272,9
272,8
272,7
272,8
272,5
272,8
272,8
272,6
272,8
272,8
272,7
272,8
272,8
272,7
272,8
272,5
272,7
272,4
272,7
272,8
272,8
272,9
272,9
272,9
272,4
272,5
272,9
272,9
272,7
272,9
272,9
272,7
272,9
272,8
272,7
272,5
272,9
272,9
272,9
272,8
272,5
272,8
272,7
272,8
272,9
272,9
272,9
272,8
272,9
272,8
272,1
272,6
272,9
272,7
272,8
272,5
272,8
272,9
272,7
272,9
272,5
272,9
272,9
272,9
272,9
272,6
272,7
272,9
272,1
272,8
272,9
272,8
272,9
272,8
272,8
272,7
272,5
272,8
272,7
272,9
272,7
272,5
272,9
272,7
272,9
272,8
272,8
272,9
272,7
272,8
272,9
272,6
272,8
272,7
272,6
272,9
272,8
272,8
272,8
272,7
272,8
272,6
272,7
272,8
272,4
272,9
272,7
272,9
272,8
272,9
272,6
272,8
272,8
272,8
272,9
272,8
272,6
272,7
272,7
272,8
272,7
272,9
272,6
272,8
272,9
272,8
272,5
272,9
272,7
272,9
272,9
272,8
272,7
272,8
272,6
272,7
272,5
272,9
272,7
272,9
272,8
272,2
272,7
272,8
272,9
272,8
272,8
272,8
272,7
272,7
272,6
272,9
272,6
272,7
272,7
272,7
272,5
272,8
272,9
272,5
272,1
272,9
272,9
272,3
272,9
272,7
272,8
272,8
272,9
272,6
272,8
272,9
272,8
272,7
272,6
272,7
272,7
272,6
272,6
272,8
272,8
272,8
272,9
272,7
272,8
272,7
272,7
272,9
272,5
272,7
272,8
272,7
272,8
272,4
272,8
272,7
272,6
272,7
272,7
272,8
272,9
272,8
272,9
272,8
272,8
272,9
272,5
272,8
272,7
272,6
272,8
272,5
272,7
272,8
272,9
272,7
272,7
272,7
272,7
272,6
272,5
272,3
272,7
272,7
272,7
272,6
272,8
272,9
272,7
272,8
272,9
272,6
272,6
272,5
272,6
272,5
272,8
272,9
272,6
272,9
272,4
272,9
272,9
272,6
272,2
272,8
272,8
272,5
272,9
272,8
272,8
272,9
272,9
272,5
272,5
272,9
272,1
272,5
272,2
272,5
272,9
272,9
272,8
272,9
272,5
272,7
272,5
272,8
272,6
272,7
272,4
272,5
272,5
272,8
272,7
Antiquity Blue (109),9
Antiquity Blue (109),8
Antiquity Blue (109),8
Antiquity Blue (109),7
Antiquity Blue (109),7
Antiquity Blue (109),7
Antiquity Blue (109),7
Antiquity Blue (109),8
Antiquity Blue (109),8
Antiquity Blue (109),8
Antiquity Blue (109),7
Antiquity Blue (109),8
Antiquity Blue (109),7
Antiquity Blue (109),5
Antiquity Blue (109),8
Antiquity Blue (109),7
Antiquity Blue (109),8
Antiquity Blue (109),6
Antiquity Blue (109),6
Antiquity Blue (109),7
Antiquity Blue (109),5
Antiquity Blue (109),8
Antiquity Blue (109),9
Antiquity Blue (109),6
Antiquity Blue (109),7
Antiquity Blue (109),4
Antiquity Blue (109),7
Antiquity Blue (109),8
Antiquity Blue (109),9
Antiquity Blue (109),8
Antiquity Blue (109),6
Antiquity Blue (109),9
Antiquity Blue (109),9
Antiquity Blue (109),9
Antiquity Blue (109),8
Antiquity Blue (109),4
Antiquity Blue (109),8
Antiquity Blue (109),3
Antiquity Blue (109),7
Antiquity Blue (109),9
Antiquity Blue (109),7
Antiquity Blue (109),7
Antiquity Blue (109),8
Antiquity Blue (109),8
Antiquity Blue (109),7
Antiquity Blue (109),8
Antiquity Blue (109),7
Antiquity Blue (109),8
Antiquity Blue (109),8
Antiquity Blue (109),9
Antiquity Blue (109),7
Antiquity Blue (109),7
Antiquity Blue (109),5
Antiquity Blue (109),8
Antiquity Blue (109),7
Antiquity Blue (109),8
Antiquity Blue (109),9
Antiquity Blue (109),7
Antiquity Blue (109),5
Antiquity Blue (109),8
Antiquity Blue (109),8
Antiquity Blue (109),9
Antiquity Blue (109),8
Antiquity Blue (109),6
Antiquity Blue (109),6
Antiquity Blue (109),1
Antiquity Blue (109),9
Antiquity Blue (109),6
Antiquity Blue (109),4
Antiquity Blue (109),8
Antiquity Blue (109),9
Antiquity Blue (109),6
Antiquity Blue (109),8
Antiquity Blue (109),5
Antiquity Blue (109),5
Antiquity Blue (109),4
Antiquity Blue (109),7
Antiquity Blue (109),9
Antiquity Blue (109),8
Antiquity Blue (109),5
Antiquity Blue (109),9
Antiquity Blue (109),8
Antiquity Blue (109),5
Antiquity Blue (109),9
Antiquity Blue (109),9
Antiquity Blue (109),7
Antiquity Blue (109),9
Antiquity Blue (109),6
Antiquity Blue (109),9
Antiquity Blue (109),6
Antiquity Blue (109),9
Antiquity Blue (109),6
Antiquity Blue (109),6
Antiquity Blue (109),7
Antiquity Blue (109),8
Antiquity Blue (109),7
Antiquity Blue (109),8
Antiquity Blue (109),9
Antiquity Blue (109),7
Antiquity Blue (109),5
Antiquity Blue (109),8
Antiquity Blue (109),7
Antiquity Blue (109),7
Antiquity Blue (109),7
Antiquity Blue (109),4
Antiquity Blue (109),4
Antiquity Blue (109),9
Antiquity Blue (109),4
Antiquity Blue (109),8
Antiquity Blue (109),8
Antiquity Blue (109),8
Antiquity Blue (109),9
Antiquity Blue (109),9
Antiquity Blue (109),9
Antiquity Blue (109),7
Antiquity Blue (109),7
Antiquity Blue (109),7
Antiquity Blue (109),8
Antiquity Blue (109),3
Antiquity Blue (109),9
Antiquity Blue (109),8
Antiquity Blue (109),7
Antiquity Blue (109),9
Antiquity Blue (109),9
Antiquity Blue (109),7
Antiquity Blue (109),8
Antiquity Blue (109),9
Antiquity Blue (109),8
Antiquity Blue (109),7
Antiquity Blue (109),8
Antiquity Blue (109),8
Antiquity Blue (109),7
Antiquity Blue (109),7
Antiquity Blue (109),7
Antiquity Blue (109),4
Antiquity Blue (109),6
Antiquity Blue (109),9
Antiquity Blue (109),6
Antiquity Blue (109),5
Antiquity Blue (109),7
Antiquity Blue (109),6
Antiquity Blue (109),8
Antiquity Blue (109),7
Antiquity Blue (109),7
Antiquity Blue (109),9
Antiquity Blue (109),6
Antiquity Blue (109),5
Antiquity Blue (109),8
Antiquity Blue (109),5
Antiquity Blue (109),7
Antiquity Blue (109),7
Antiquity Blue (109),9
Antiquity Blue (109),8
Antiquity Blue (109),7
Antiquity Blue (109),7
Antiquity Blue (109),7
Antiquity Blue (109),4
Antiquity Blue (109),9
Antiquity Blue (109),9
Antiquity Blue (109),9
Antiquity Blue (109),5
Antiquity Blue (109),5
Antiquity Blue (109),8
Antiquity Blue (109),9
Antiquity Blue (109),8
Antiquity Blue (109),7
Antiquity Blue (109),1
Antiquity Blue (109),8
Antiquity Blue (109),8
Antiquity Blue (109),9
Antiquity Blue (109),8
Antiquity Blue (109),9
Antiquity Blue (109),8
Antiquity Blue (109),7
Antiquity Blue (109),8
Antiquity Blue (109),8
Antiquity Blue (109),6
Antiquity Blue (109),5
Antiquity Blue (109),6
Antiquity Blue (109),8
Antiquity Blue (109),5
Antiquity Blue (109),5
Antiquity Blue (109),1
Antiquity Blue (109),9
Antiquity Blue (109),9
Antiquity Blue (109),7
Antiquity Blue (109),7
Antiquity Blue (109),8
Antiquity Blue (109),7
Antiquity Blue (109),4
Antiquity Blue (109),8
Antiquity Blue (109),4
Antiquity Blue (109),5
Antiquity Blue (109),5
Antiquity Blue (109),9
Antiquity Blue (109),9
Antiquity Blue (109),5
Antiquity Blue (109),8
Antiquity Blue (109),8
Antiquity Blue (109),6
Antiquity Blue (109),7
Antiquity Blue (109),9
Antiquity Blue (109),8
Antiquity Blue (109),8
Antiquity Blue (109),9
Antiquity Blue (109),8
Antiquity Blue (109),7
Antiquity Blue (109),6
Antiquity Blue (109),7
Antiquity Blue (109),7
Antiquity Blue (109),7
Antiquity Blue (109),4
Antiquity Blue (109),7
Antiquity Blue (109),5
Antiquity Blue (109),8
Antiquity Blue (109),8
Antiquity Blue (109),6
Antiquity Blue (109),7
Antiquity Blue (109),6
Antiquity Blue (109),8
Antiquity Blue (109),9
Antiquity Blue (109),7
Antiquity Blue (109),7
Antiquity Blue (109),5
Antiquity Blue (109),8
Antiquity Blue (109),7
Antiquity Blue (109),6
Antiquity Blue (109),6
Antiquity Blue (109),8
Antiquity Blue (109),5
Antiquity Blue (109),6
Antiquity Blue (109),6
Antiquity Blue (109),7
Antiquity Blue (109),8
Antiquity Blue (109),4
Antiquity Blue (109),6
Antiquity Blue (109),7
Antiquity Blue (109),9
Antiquity Blue (109),7
Antiquity Blue (109),4
Antiquity Blue (109),6
Antiquity Blue (109),7
Antiquity Blue (109),9
Antiquity Blue (109),9
Antiquity Blue (109),6
Antiquity Blue (109),8
Antiquity Blue (109),9
Antiquity Blue (109),8
Antiquity Blue (109),8
Antiquity Blue (109),7
Antiquity Blue (109),8
Antiquity Blue (109),7
Antiquity Blue (109),7
Antiquity Blue (109),3
Antiquity Blue (109),6
Antiquity Blue (109),9
Antiquity Blue (109),6
Antiquity Blue (109),9
Antiquity Blue (109),9
Antiquity Blue (109),9
Antiquity Blue (109),9
Antiquity Blue (109),9
Antiquity Blue (109),9
Antiquity Blue (109),7
Antiquity Blue (109),9
Antiquity Blue (109),8
Antiquity Blue (109),9
Antiquity Blue (109),7
Antiquity Blue (109),9
Antiquity Blue (109),9
Antiquity Blue (109),6
Antiquity Blue (109),7
Antiquity Blue (109),5
Antiquity Blue (109),8
Antiquity Blue (109),9
Antiquity Blue (109),8
Antiquity Blue (109),7
Antiquity Blue (109),1
Antiquity Blue (109),7
Antiquity Blue (109),8
Antiquity Blue (109),8
Antiquity Blue (109),7
Antiquity Blue (109),8
Antiquity Blue (109),5
Antiquity Blue (109),8
Antiquity Blue (109),7
Antiquity Blue (109),9
Antiquity Blue (109),1
Antiquity Blue (109),6
Antiquity Blue (109),8
Antiquity Blue (109),9
Antiquity Blue (109),9
Antiquity Blue (109),9
Antiquity Blue (109),8
Antiquity Blue (109),1
Antiquity Blue (109),8
Antiquity Blue (109),8
Antiquity Blue (109),8
Antiquity Blue (109),8
Antiquity Blue (109),8
Antiquity Blue (109),9
Antiquity Blue (109),1
Antiquity Blue (109),9
Antiquity Blue (109),6
Antiquity Blue (109),9
Antiquity Blue (109),5
Antiquity Blue (109),9
Antiquity Blue (109),9
342,8
342,7
342,7
342,8
342,5
342,7
342,8
342,7
342,7
342,7
342,6
342,6
342,6
342,8
342,7
342,7
342,2
342,8
342,7
342,9
342,6
342,8
342,3
342,8
342,8
342,7
342,8
342,7
342,7
342,8
342,7
342,8
342,3
342,8
342,9
342,1
342,7
342,8
342,7
342,7
342,8
342,9
342,8
342,2
342,7
342,6
342,8
342,4
342,7
342,5
342,6
342,8
342,6
342,9
342,9
342,8
342,1
342,3
342,8
342,8
342,8
342,5
342,9
342,5
342,9
342,8
342,7
342,5
342,6
342,1
342,9
342,7
342,9
342,9
342,7
342,9
342,9
342,7
342,9
342,8
342,8
342,7
342,5
342,4
342,5
342,9
342,7
342,5
342,9
342,7
342,4
342,7
342,8
342,9
342,8
342,7
342,5
342,6
342,8
342,9
342,9
342,6
342,6
342,2
342,8
342,8
342,4
342,7
342,7
342,7
342,7
342,7
342,6
342,9
342,8
342,8
342,8
342,4
342,5
342,7
342,8
342,8
342,9
342,7
342,7
342,3
342,5
342,9
342,3
342,6
342,9
342,6
342,9
342,8
342,6
342,7
342,4
342,7
342,4
342,8
342,9
342,7
342,6
342,7
342,8
342,8
342,8
342,9
342,9
342,3
342,7
342,4
342,9
342,8
342,9
342,5
342,7
342,6
342,7
342,7
342,5
342,6
342,9
342,9
342,5
342,6
342,8
342,3
342,1
342,7
342,8
342,7
342,4
342,8
342,8
342,9
342,1
342,7
342,9
342,8
342,8
342,9
342,8
342,5
342,8
342,8
342,5
342,9
342,8
342,7
342,1
342,6
342,8
342,5
342,8
342,8
342,7
342,9
342,5
342,2
342,6
342,6
342,6
342,7
342,9
342,9
342,9
342,1
342,6
342,7
342,8
342,7
342,8
342,7
342,3
342,8
342,3
342,7
342,2
342,4
342,8
342,9
342,7
342,7
342,6
342,5
342,5
342,7
342,7
342,7
342,6
342,5
342,8
342,9
342,7
342,9
342,6
342,9
342,8
342,7
342,7
342,4
342,3
342,3
342,9
342,6
342,4
342,8
342,5
342,7
342,3
342,7
342,7
342,7
342,7
342,4
342,9
342,1
342,6
342,8
342,4
342,9
342,7
342,7
342,6
342,9
342,5
342,8
342,9
342,8
342,8
342,9
342,4
342,7
342,9
342,9
342,8
342,6
342,5
342,8
342,7
342,8
342,6
342,6
342,7
342,9
342,9
342,6
342,9
342,5
342,7
342,8
342,5
342,4
342,6
342,3
342,8
342,7
342,4
342,7
342,8
342,6
342,6
342,6
342,6
342,5
342,9
342,3
Chivas 12(943),8
Chivas 12(943),9
Chivas 12(943),9
Chivas 12(943),7
Chivas 12(943),7
Chivas 12(943),9
Chivas 12(943),7
Chivas 12(943),8
Chivas 12(943),9
Chivas 12(943),8
Chivas 12(943),6
Chivas 12(943),8
Chivas 12(943),9
Chivas 12(943),9
Chivas 12(943),8
Chivas 12(943),7
Chivas 12(943),8
Chivas 12(943),8
Chivas 12(943),7
Chivas 12(943),7
Chivas 12(943),8
Chivas 12(943),8
Chivas 12(943),9
Chivas 12(943),6
Chivas 12(943),7
Chivas 12(943),7
Chivas 12(943),8
Chivas 12(943),9
Chivas 12(943),7
Chivas 12(943),2
Chivas 12(943),8
Chivas 12(943),6
Chivas 12(943),8
Chivas 12(943),8
Chivas 12(943),7
Chivas 12(943),8
Chivas 12(943),8
Chivas 12(943),8
Chivas 12(943),8
Chivas 12(943),7
Chivas 12(943),7
Chivas 12(943),5
Chivas 12(943),9
Chivas 12(943),8
Chivas 12(943),7
Chivas 12(943),8
Chivas 12(943),8
Chivas 12(943),7
Chivas 12(943),6
Chivas 12(943),6
Chivas 12(943),8
Chivas 12(943),8
Chivas 12(943),5
Chivas 12(943),8
Chivas 12(943),9
Chivas 12(943),8
Chivas 12(943),7
Chivas 12(943),9
Chivas 12(943),9
Chivas 12(943),7
Chivas 12(943),7
Chivas 12(943),8
Chivas 12(943),9
Chivas 12(943),9
Chivas 12(943),9
Chivas 12(943),7
Chivas 12(943),7
Chivas 12(943),4
Chivas 12(943),7
Chivas 12(943),8
Chivas 12(943),7
Chivas 12(943),9
Chivas 12(943),5
Chivas 12(943),7
Chivas 12(943),9
Chivas 12(943),5
Chivas 12(943),9
Chivas 12(943),9
Chivas 12(943),9
Chivas 12(943),9
Chivas 12(943),5
Chivas 12(943),8
Chivas 12(943),6
Chivas 12(943),7
Chivas 12(943),8
Chivas 12(943),8
Chivas 12(943),5
Chivas 12(943),7
Chivas 12(943),3
Chivas 12(943),5
Chivas 12(943),7
Chivas 12(943),8
Chivas 12(943),8
Chivas 12(943),8
Chivas 12(943),9
Chivas 12(943),8
Chivas 12(943),8
Chivas 12(943),7
Chivas 12(943),7
Chivas 12(943),8
Chivas 12(943),7
Chivas 12(943),8
Chivas 12(943),7
Chivas 12(943),7
Chivas 12(943),9
Chivas 12(943),8
Chivas 12(943),4
Chivas 12(943),9
Chivas 12(943),5
Chivas 12(943),8
Chivas 12(943),6
Chivas 12(943),6
Chivas 12(943),8
Chivas 12(943),9
Chivas 12(943),9
Chivas 12(943),9
Chivas 12(943),8
Chivas 12(943),1
Chivas 12(943),7
Chivas 12(943),9
Chivas 12(943),8
Chivas 12(943),5
Chivas 12(943),5
Chivas 12(943),6
Chivas 12(943),8
Chivas 12(943),8
Chivas 12(943),6
Chivas 12(943),7
Chivas 12(943),8
Chivas 12(943),8
Chivas 12(943),8
Chivas 12(943),9
Chivas 12(943),8
Chivas 12(943),8
Chivas 12(943),7
Chivas 12(943),6
Chivas 12(943),5
Chivas 12(943),6
Chivas 12(943),7
Chivas 12(943),9
Chivas 12(943),6
Chivas 12(943),8
Chivas 12(943),9
Chivas 12(943),5
Chivas 12(943),9
Chivas 12(943),7
Chivas 12(943),7
Chivas 12(943),8
Chivas 12(943),9
Chivas 12(943),8
Chivas 12(943),9
Chivas 12(943),6
Chivas 12(943),8
Chivas 12(943),7
Chivas 12(943),8
Chivas 12(943),8
Chivas 12(943),8
Chivas 12(943),7
Chivas 12(943),5
Chivas 12(943),6
Chivas 12(943),8
Chivas 12(943),9
Chivas 12(943),8
Chivas 12(943),7
Chivas 12(943),9
Chivas 12(943),5
Chivas 12(943),9
Chivas 12(943),8
Chivas 12(943),4
Chivas 12(943),9
Chivas 12(943),9
Chivas 12(943),8
Chivas 12(943),8
Chivas 12(943),1
Chivas 12(943),9
Chivas 12(943),7
Chivas 12(943),5
Chivas 12(943),4
Chivas 12(943),5
Chivas 12(943),9
Chivas 12(943),7
Chivas 12(943),9
Chivas 12(943),9
Chivas 12(943),9
Chivas 12(943),9
Chivas 12(943),9
Chivas 12(943),5
Chivas 12(943),9
Chivas 12(943),5
Chivas 12(943),7
Chivas 12(943),5
Chivas 12(943),9
Chivas 12(943),9
Chivas 12(943),7
Chivas 12(943),7
Chivas 12(943),7
Chivas 12(943),7
Chivas 12(943),6
Chivas 12(943),9
Chivas 12(943),5
Chivas 12(943),3
Chivas 12(943),9
Chivas 12(943),7
Chivas 12(943),9
Chivas 12(943),7
Chivas 12(943),9
Chivas 12(943),7
Chivas 12(943),6
Chivas 12(943),7
Chivas 12(943),8
Chivas 12(943),3
Chivas 12(943),7
Chivas 12(943),9
Chivas 12(943),8
Chivas 12(943),9
Chivas 12(943),4
Chivas 12(943),7
Chivas 12(943),4
Chivas 12(943),7
Chivas 12(943),7
Chivas 12(943),7
Chivas 12(943),9
Chivas 12(943),8
Chivas 12(943),7
Chivas 12(943),7
Chivas 12(943),6
Chivas 12(943),7
Chivas 12(943),9
Chivas 12(943),6
Chivas 12(943),4
Chivas 12(943),7
Chivas 12(943),5
Chivas 12(943),9
Chivas 12(943),9
Chivas 12(943),9
Chivas 12(943),8
Chivas 12(943),9
Chivas 12(943),8
Chivas 12(943),7
Chivas 12(943),2
Chivas 12(943),6
Chivas 12(943),4
Chivas 12(943),6
Chivas 12(943),5
Chivas 12(943),7
Chivas 12(943),5
Chivas 12(943),9
Chivas 12(943),7
Chivas 12(943),5
Chivas 12(943),7
Chivas 12(943),9
Chivas 12(943),7
Chivas 12(943),8
Chivas 12(943),6
Chivas 12(943),9
Chivas 12(943),8
Chivas 12(943),9
Chivas 12(943),4
Chivas 12(943),6
Chivas 12(943),9
Chivas 12(943),9
Chivas 12(943),1
Chivas 12(943),8
Chivas 12(943),7
Chivas 12(943),7
Chivas 12(943),5
Chivas 12(943),6
Chivas 12(943),7
Chivas 12(943),6
Chivas 12(943),5
Chivas 12(943),7
Chivas 12(943),2
Chivas 12(943),9
Chivas 12(943),9
Chivas 12(943),8
Chivas 12(943),8
Chivas 12(943),9
Chivas 12(943),9
Chivas 12(943),6
Chivas 12(943),8
Chivas 12(943),8
Chivas 12(943),7
Chivas 12(943),8
Chivas 12(943),9
Chivas 12(943),7
Chivas 12(943),1
Chivas 12(943),6
Chivas 12(943),9
Chivas 12(943),8
Chivas 12(943),8
Chivas 12(943),4
Chivas 12(943),9
Chivas 12(943),7
Chivas 12(943),7
Chivas 12(943),4
Chivas 12(943),6
Chivas 12(943),6
Chivas 12(943),8
Chivas 12(943),9
Chivas 12(943),7
Chivas 12(943),9
Chivas 12(943),9
Chivas 12(943),4
Chivas 12(943),5
Chivas 12(943),7
Chivas 12(943),9
Chivas 12(943),9
Chivas 12(943),9
Oaksmith Gold (436),5
Oaksmith Gold (436),9
Oaksmith Gold (436),7
Oaksmith Gold (436),8
Oaksmith Gold (436),9
Oaksmith Gold (436),7
Oaksmith Gold (436),7
Oaksmith Gold (436),8
Oaksmith Gold (436),8
Oaksmith Gold (436),8
Oaksmith Gold (436),7
Oaksmith Gold (436),8
Oaksmith Gold (436),9
Oaksmith Gold (436),6
Oaksmith Gold (436),8
Oaksmith Gold (436),8
Oaksmith Gold (436),9
Oaksmith Gold (436),9
Oaksmith Gold (436),9
Oaksmith Gold (436),8
Oaksmith Gold (436),7
Oaksmith Gold (436),8
Oaksmith Gold (436),9
Oaksmith Gold (436),6
Oaksmith Gold (436),9
Oaksmith Gold (436),8
Oaksmith Gold (436),7
Oaksmith Gold (436),9
Oaksmith Gold (436),9
Oaksmith Gold (436),7
Oaksmith Gold (436),7
Oaksmith Gold (436),8
Oaksmith Gold (436),6
Oaksmith Gold (436),8
Oaksmith Gold (436),8
Oaksmith Gold (436),9
Oaksmith Gold (436),8
Oaksmith Gold (436),8
Oaksmith Gold (436),7
Oaksmith Gold (436),6
Oaksmith Gold (436),7
Oaksmith Gold (436),6
Oaksmith Gold (436),5
Oaksmith Gold (436),9
Oaksmith Gold (436),8
Oaksmith Gold (436),7
Oaksmith Gold (436),6
Oaksmith Gold (436),9
Oaksmith Gold (436),9
Oaksmith Gold (436),7
Oaksmith Gold (436),5
Oaksmith Gold (436),8
Oaksmith Gold (436),9
Oaksmith Gold (436),9
Oaksmith Gold (436),7
Oaksmith Gold (436),8
Oaksmith Gold (436),6
Oaksmith Gold (436),8
Oaksmith Gold (436),7
Oaksmith Gold (436),7
Oaksmith Gold (436),8
Oaksmith Gold (436),5
Oaksmith Gold (436),7
Oaksmith Gold (436),7
Oaksmith Gold (436),9
Oaksmith Gold (436),8
Oaksmith Gold (436),7
Oaksmith Gold (436),8
Oaksmith Gold (436),8
Oaksmith Gold (436),9
Oaksmith Gold (436),8
Oaksmith Gold (436),7
Oaksmith Gold (436),1
Oaksmith Gold (436),9
Oaksmith Gold (436),8
Oaksmith Gold (436),9
Oaksmith Gold (436),8
Oaksmith Gold (436),9
Oaksmith Gold (436),7
Oaksmith Gold (436),7
Oaksmith Gold (436),5
Oaksmith Gold (436),5
Oaksmith Gold (436),9
Oaksmith Gold (436),1
Oaksmith Gold (436),9
Oaksmith Gold (436),9
Oaksmith Gold (436),8
Oaksmith Gold (436),2
Oaksmith Gold (436),6
Oaksmith Gold (436),8
Oaksmith Gold (436),5
Oaksmith Gold (436),4
Oaksmith Gold (436),4
Oaksmith Gold (436),8
Oaksmith Gold (436),6
Oaksmith Gold (436),7
Oaksmith Gold (436),4
Oaksmith Gold (436),9
Oaksmith Gold (436),7
Oaksmith Gold (436),8
Oaksmith Gold (436),7
Oaksmith Gold (436),9
Oaksmith Gold (436),9
Oaksmith Gold (436),5
Oaksmith Gold (436),6
Oaksmith Gold (436),8
Oaksmith Gold (436),8
Oaksmith Gold (436),5
Oaksmith Gold (436),7
Oaksmith Gold (436),7
Oaksmith Gold (436),7
Oaksmith Gold (436),5
Oaksmith Gold (436),7
Oaksmith Gold (436),8
Oaksmith Gold (436),6
Oaksmith Gold (436),5
Oaksmith Gold (436),9
Oaksmith Gold (436),8
Oaksmith Gold (436),6
Oaksmith Gold (436),7
Oaksmith Gold (436),6
Oaksmith Gold (436),8
Oaksmith Gold (436),8
Oaksmith Gold (436),7
Oaksmith Gold (436),8
Oaksmith Gold (436),3
Oaksmith Gold (436),7
Oaksmith Gold (436),8
Oaksmith Gold (436),8
Oaksmith Gold (436),7
Oaksmith Gold (436),8
Oaksmith Gold (436),9
Oaksmith Gold (436),9
Oaksmith Gold (436),9
Oaksmith Gold (436),7
Oaksmith Gold (436),9
Oaksmith Gold (436),6
Oaksmith Gold (436),7
Oaksmith Gold (436),9
Oaksmith Gold (436),5
Oaksmith Gold (436),7
Oaksmith Gold (436),7
Oaksmith Gold (436),4
Oaksmith Gold (436),4
Oaksmith Gold (436),9
Oaksmith Gold (436),1
Oaksmith Gold (436),8
Oaksmith Gold (436),6
Oaksmith Gold (436),7
Oaksmith Gold (436),9
Oaksmith Gold (436),7
Oaksmith Gold (436),7
Oaksmith Gold (436),8
Oaksmith Gold (436),9
Oaksmith Gold (436),7
Oaksmith Gold (436),7
Oaksmith Gold (436),7
Oaksmith Gold (436),9
Oaksmith Gold (436),8
Oaksmith Gold (436),9
Oaksmith Gold (436),8
Oaksmith Gold (436),9
Oaksmith Gold (436),4
Oaksmith Gold (436),8
Oaksmith Gold (436),9
Oaksmith Gold (436),9
Oaksmith Gold (436),7
Oaksmith Gold (436),8
Oaksmith Gold (436),7
Oaksmith Gold (436),9
Oaksmith Gold (436),6
Oaksmith Gold (436),6
Oaksmith Gold (436),9
Oaksmith Gold (436),9
Oaksmith Gold (436),4
Oaksmith Gold (436),9
Oaksmith Gold (436),8
Oaksmith Gold (436),7
Oaksmith Gold (436),6
Oaksmith Gold (436),7
Oaksmith Gold (436),9
Oaksmith Gold (436),9
Oaksmith Gold (436),8
Oaksmith Gold (436),6
Oaksmith Gold (436),9
Oaksmith Gold (436),8
Oaksmith Gold (436),5
Oaksmith Gold (436),8
Oaksmith Gold (436),9
Oaksmith Gold (436),5
Oaksmith Gold (436),5
Oaksmith Gold (436),9
Oaksmith Gold (436),6
Oaksmith Gold (436),9
Oaksmith Gold (436),9
Oaksmith Gold (436),5
Oaksmith Gold (436),6
Oaksmith Gold (436),6
Oaksmith Gold (436),9
Oaksmith Gold (436),8
Oaksmith Gold (436),7
Oaksmith Gold (436),9
Oaksmith Gold (436),5
Oaksmith Gold (436),7
Oaksmith Gold (436),7
Oaksmith Gold (436),9
Oaksmith Gold (436),5
Oaksmith Gold (436),8
Oaksmith Gold (436),9
Oaksmith Gold (436),9
Oaksmith Gold (436),8
Oaksmith Gold (436),8
Oaksmith Gold (436),7
Oaksmith Gold (436),7
Oaksmith Gold (436),8
Oaksmith Gold (436),7
Oaksmith Gold (436),5
Oaksmith Gold (436),5
Oaksmith Gold (436),7
Oaksmith Gold (436),4
Oaksmith Gold (436),8
Oaksmith Gold (436),7
Oaksmith Gold (436),7
Oaksmith Gold (436),8
Oaksmith Gold (436),8
Oaksmith Gold (436),7
Oaksmith Gold (436),9
Oaksmith Gold (436),6
Oaksmith Gold (436),6
Oaksmith Gold (436),8
Oaksmith Gold (436),9
Oaksmith Gold (436),8
Oaksmith Gold (436),8
Oaksmith Gold (436),6
Oaksmith Gold (436),4
Oaksmith Gold (436),6
Oaksmith Gold (436),8
Oaksmith Gold (436),4
Oaksmith Gold (436),6
Oaksmith Gold (436),8
Oaksmith Gold (436),8
Oaksmith Gold (436),8
Oaksmith Gold (436),8
Oaksmith Gold (436),8
Oaksmith Gold (436),9
Oaksmith Gold (436),9
Oaksmith Gold (436),9
Oaksmith Gold (436),9
Oaksmith Gold (436),7
Oaksmith Gold (436),3
Oaksmith Gold (436),8
Oaksmith Gold (436),8
Oaksmith Gold (436),6
Oaksmith Gold (436),7
Oaksmith Gold (436),8
Oaksmith Gold (436),6
Oaksmith Gold (436),7
Oaksmith Gold (436),8
Oaksmith Gold (436),5
Oaksmith Gold (436),9
Oaksmith Gold (436),8
Oaksmith Gold (436),9
Oaksmith Gold (436),6
Oaksmith Gold (436),9
Oaksmith Gold (436),6
Oaksmith Gold (436),9
Oaksmith Gold (436),9
Oaksmith Gold (436),5
Oaksmith Gold (436),9
Oaksmith Gold (436),8
Oaksmith Gold (436),6
Oaksmith Gold (436),6
Oaksmith Gold (436),8
Oaksmith Gold (436),9
Oaksmith Gold (436),8
Oaksmith Gold (436),4
Oaksmith Gold (436),8
Oaksmith Gold (436),5
Oaksmith Gold (436),5
Oaksmith Gold (436),8
Oaksmith Gold (436),9
Oaksmith Gold (436),8
Oaksmith Gold (436),8
Oaksmith Gold (436),8
Oaksmith Gold (436),5
Oaksmith Gold (436),9
Oaksmith Gold (436),7
Oaksmith Gold (436),5
Oaksmith Gold (436),6
Oaksmith Gold (436),9
Oaksmith Gold (436),9
Oaksmith Gold (436),9
Oaksmith Gold (436),1
Oaksmith Gold (436),9
Oaksmith Gold (436),9
Oaksmith Gold (436),5
Oaksmith Gold (436),9
Oaksmith Gold (436),8
Oaksmith Gold (436),6
Oaksmith Gold (436),9
Oaksmith Gold (436),9
Oaksmith Gold (436),5
Oaksmith Gold (436),9
Oaksmith Gold (436),8
Oaksmith Gold (436),7
Oaksmith Gold (436),9
Oaksmith Gold (436),8
Oaksmith Gold (436),9
427,7
427,9
427,7
427,8
427,4
427,7
427,7
427,6
427,9
427,8
427,8
427,8
427,5
427,7
427,7
427,7
427,8
427,8
427,7
427,6
427,2
427,8
427,7
427,7
427,8
427,7
427,8
427,9
427,7
427,4
427,8
427,6
427,8
427,7
427,5
427,7
427,8
427,7
427,9
427,7
427,5
427,8
427,6
427,5
427,8
427,6
427,8
427,9
427,9
427,7
427,9
427,9
427,9
427,9
427,6
427,9
427,8
427,8
427,9
427,7
427,9
427,7
427,9
427,6
427,9
427,8
427,9
427,7
427,7
427,9
427,8
427,8
427,8
427,9
427,8
427,5
427,9
427,9
427,5
427,8
427,5
427,9
427,1
427,6
427,4
427,4
427,9
427,5
427,5
427,5
427,9
427,5
427,9
427,2
427,9
427,7
427,9
427,2
427,5
427,3
427,1
427,7
427,8
427,9
427,9
427,7
427,8
427,6
427,8
427,9
427,7
427,7
427,8
427,9
427,9
427,7
427,6
427,8
427,8
427,8
427,7
427,8
427,7
427,5
427,9
427,7
427,7
427,5
427,5
427,6
427,7
427,7
427,9
427,5
427,8
427,8
427,9
427,9
427,6
427,6
427,8
427,8
427,7
427,7
427,8
427,8
427,9
427,7
427,7
427,8
427,7
427,7
427,5
427,5
427,5
427,7
427,7
427,8
427,4
427,9
427,9
427,8
427,9
427,8
427,7
427,8
427,9
427,9
427,6
427,9
427,4
427,8
427,6
427,9
427,6
427,2
427,8
427,9
427,5
427,5
427,6
427,9
427,7
427,5
427,1
427,5
427,4
427,6
427,8
427,9
427,1
427,9
427,7
427,8
427,4
427,7
427,5
427,8
427,9
427,7
427,6
427,9
427,7
427,7
427,8
427,9
427,7
427,8
427,8
427,5
427,8
427,6
427,8
427,7
427,4
427,9
427,8
427,7
427,6
427,8
427,8
427,8
427,8
427,7
427,8
427,7
427,7
427,8
427,9
427,8
427,4
427,8
427,9
427,9
427,7
427,4
427,7
427,9
427,8
427,6
427,5
427,8
427,7
427,9
427,8
427,6
427,5
427,5
427,9
427,6
427,5
427,6
427,9
427,8
427,8
427,7
427,6
427,8
427,9
427,9
427,9
427,7
427,9
427,7
427,9
427,5
427,9
427,6
427,9
427,9
427,5
427,8
427,5
427,9
427,9
427,8
427,6
427,8
427,6
427,8
427,2
427,8
427,9
427,9
427,9
427,5
427,9
427,9
427,5
427,7
427,9
427,9
427,7
427,9
427,6
427,7
427,8
427,9
427,6
427,5
427,5
427,7
427,9
427,9
427,9
427,9
427,5
427,7
765,9
765,9
765,9
765,8
765,8
765,8
765,8
765,7
765,8
765,7
765,7
765,8
765,8
765,7
765,6
765,6
765,8
765,9
765,8
765,7
765,5
765,7
765,7
765,8
765,6
765,6
765,8
765,9
765,8
765,7
765,9
765,7
765,8
765,8
765,9
765,8
765,9
765,8
765,8
765,9
765,5
765,6
765,5
765,5
765,9
765,7
765,5
765,6
765,8
765,6
765,9
765,9
765,9
765,9
765,4
765,9
765,9
765,7
765,6
765,7
765,9
765,9
765,9
765,7
765,9
765,7
765,8
765,7
765,8
765,8
765,5
765,7
765,5
765,8
765,8
765,8
765,9
765,9
765,9
765,5
765,8
765,5
765,6
765,6
765,7
765,6
765,9
765,8
765,8
765,9
765,5
765,5
765,4
765,3
765,8
765,5
765,8
765,9
765,9
765,8
765,6
765,6
765,3
765,7
765,4
765,8
765,8
765,9
765,9
765,7
765,7
765,7
765,8
765,8
765,6
765,8
765,9
765,8
765,9
765,7
765,7
765,5
765,8
765,8
765,9
765,8
765,6
765,8
765,9
765,5
765,7
765,8
765,6
765,8
765,4
765,8
765,5
765,9
765,8
765,6
765,7
765,9
765,8
765,7
765,7
765,7
765,7
765,7
765,8
765,5
765,4
765,9
765,6
765,9
765,9
765,9
765,9
765,3
765,5
765,9
765,9
765,9
765,5
765,7
765,5
765,9
765,6
765,5
765,7
765,8
765,5
765,8
765,5
765,9
765,7
765,5
765,1
765,8
765,6
765,6
765,7
765,9
765,9
765,7
765,7
765,9
765,8
765,9
765,9
765,1
765,9
765,7
765,9
765,5
765,9
765,9
765,9
765,9
765,9
765,7
765,5
765,7
765,9
765,5
765,9
765,7
765,8
765,7
765,8
765,5
765,9
765,8
765,8
765,8
765,6
765,7
765,7
765,2
765,7
765,7
765,4
765,7
765,7
765,8
765,8
765,8
765,7
765,7
765,8
765,7
765,5
765,8
765,6
765,7
765,8
765,8
765,9
765,8
765,9
765,9
765,9
765,4
765,6
765,8
765,8
765,2
765,7
765,8
765,4
765,7
765,8
765,8
765,7
765,8
765,7
765,9
765,8
765,9
765,6
765,6
765,9
765,6
765,9
765,9
765,7
765,8
765,7
765,5
765,9
765,8
765,9
765,5
765,9
765,8
765,9
765,9
765,7
765,4
765,9
765,7
765,9
765,6
765,8
765,7
765,7
765,9
765,7
765,9
765,9
765,5
765,8
765,9
765,6
765,5
765,1
765,4
765,1
765,6
765,6
765,7
765,8
765,4
765,8
765,5
765,4
765,2
765,7
765,8
